{
    "best_model": "XGBoost",
    "leaderboard": {
        "Linear Regression": {
            "MAE (Students)": 12.72,
            "RMSE (Penalty)": 23.37,
            "MAPE (%)": "5.362800145732032e+17%",
            "R2_Score": 0.865
        },
        "Decision Tree": {
            "MAE (Students)": 5.37,
            "RMSE (Penalty)": 6.56,
            "MAPE (%)": "1.3727948961991773e+17%",
            "R2_Score": 0.989
        },
        "Random Forest": {
            "MAE (Students)": 5.36,
            "RMSE (Penalty)": 6.31,
            "MAPE (%)": "1.4507671981625926e+17%",
            "R2_Score": 0.99
        },
        "XGBoost": {
            "MAE (Students)": 4.87,
            "RMSE (Penalty)": 5.72,
            "MAPE (%)": "1.898680755945472e+17%",
            "R2_Score": 0.992
        }
    },
    "last_trained": "2026-03-18 17:04:05"
}